Book,Type,Stocks,Review,Price,total_value
A Light in the Attic,Poetry,22,3,£51.77,1138.94
Tipping the Velvet,Historical Fiction,20,1,£53.74,1074.8
Soumission,Fiction,20,1,£50.10,1002.0
Sharp Objects,Mystery,20,4,£47.82,956.4
Sapiens: A Brief History of Humankind,History,20,5,£54.23,1084.6
The Requiem Red,Young Adult,19,1,£22.65,430.34999999999997
The Dirty Little Secrets of Getting Your Dream Job,Business,19,4,£33.34,633.46
"The Coming Woman: A Novel Based on the Life of the Infamous Feminist, Victoria Woodhull",Default,19,3,£17.93,340.67
The Boys in the Boat: Nine Americans and Their Epic Quest for Gold at the 1936 Berlin Olympics,Default,19,4,£22.60,429.40000000000003
The Black Maria,Poetry,19,1,£52.15,990.85
"Starving Hearts (Triangular Trade Trilogy, #1)",Default,19,2,£13.99,265.81
Shakespeare's Sonnets,Poetry,19,4,£20.66,392.54
Set Me Free,Young Adult,19,5,£17.46,331.74
Scott Pilgrim's Precious Little Life (Scott Pilgrim #1),Sequential Art,19,5,£52.29,993.51
Rip it Up and Start Again,Music,19,5,£35.02,665.3800000000001
"Our Band Could Be Your Life: Scenes from the American Indie Underground, 1981-1991",Music,19,3,£57.25,1087.75
Olio,Poetry,19,1,£23.88,453.71999999999997
Mesaerion: The Best Science Fiction Stories 1800-1849,Science Fiction,19,1,£37.59,714.21
Libertarianism for Beginners,Politics,19,2,£51.33,975.27
It's Only the Himalayas,Travel,19,2,£45.17,858.23
In Her Wake,Thriller,19,1,£12.84,243.96
How Music Works,Music,19,2,£37.32,709.08
"Foolproof Preserving: A Guide to Small Batch Jams, Jellies, Pickles, Condiments, and More: A Foolproof Guide to Making Small Batch Jams, Jellies, Pickles, Condiments, and More",Food and Drink,19,3,£30.52,579.88
Chase Me (Paris Nights #2),Romance,19,5,£25.27,480.13
Black Dust,Romance,19,5,£34.53,656.07
Birdsong: A Story in Pictures,Childrens,19,3,£54.64,1038.16
America's Cradle of Quarterbacks: Western Pennsylvania's Football Factory from Johnny Unitas to Joe Montana,Default,19,3,£22.50,427.5
Aladdin and His Wonderful Lamp,Default,19,3,£53.13,1009.47
Worlds Elsewhere: Journeys Around Shakespeare’s Globe,Nonfiction,18,5,£40.30,725.4
Wall and Piece,Art,18,4,£44.18,795.24
The Four Agreements: A Practical Guide to Personal Freedom,Spirituality,18,5,£17.66,317.88
The Five Love Languages: How to Express Heartfelt Commitment to Your Mate,Nonfiction,18,3,£31.05,558.9
The Elephant Tree,Thriller,18,5,£23.82,428.76
The Bear and the Piano,Childrens,18,1,£36.89,664.02
Sophie's World,Philosophy,18,5,£15.94,286.92
Penny Maybe,Default,18,3,£33.29,599.22
Maude (1883-1993):She Grew Up with the country,Default,18,2,£18.02,324.36
"In a Dark, Dark Wood",Mystery,18,1,£19.63,353.34
Behind Closed Doors,Thriller,18,4,£52.22,939.96
You can't bury them all: Poems,Poetry,17,2,£33.63,571.71
Slow States of Collapse: Poems,Poetry,17,3,£57.31,974.27
Reasons to Stay Alive,Nonfiction,17,2,£26.41,448.97
Private Paris (Private #10),Fiction,17,5,£47.61,809.37
#HigherSelfie: Wake Up Your Life. Free Your Soul. Find Your Tribe.,Nonfiction,17,5,£23.11,392.87
Without Borders (Wanderlove #1),New Adult,16,2,£45.07,721.12
When We Collided,Contemporary,16,1,£31.77,508.32
"We Love You, Charlie Freeman",Fiction,16,5,£50.27,804.32
Untitled Collection: Sabbath Poems 2014,Poetry,16,4,£14.27,228.32
"Unseen City: The Majesty of Pigeons, the Discreet Charm of Snails & Other Wonders of the Urban Wilderness",Nonfiction,16,4,£44.18,706.88
Unicorn Tracks,Fantasy,16,3,£18.78,300.48
"Unbound: How Eight Technologies Made Us Human, Transformed Society, and Brought Our World to the Brink",History,16,1,£25.52,408.32
Tsubasa: WoRLD CHRoNiCLE 2 (Tsubasa WoRLD CHRoNiCLE #2),Sequential Art,16,1,£16.28,260.48
Throwing Rocks at the Google Bus: How Growth Became the Enemy of Prosperity,Nonfiction,16,3,£31.12,497.92
This One Summer,Sequential Art,16,4,£19.49,311.84
Thirst,Fiction,16,5,£17.27,276.32
The Torch Is Passed: A Harding Family Story,Add a comment,16,1,£19.09,305.44
The Secret of Dreadwillow Carse,Childrens,16,1,£56.13,898.08
"The Pioneer Woman Cooks: Dinnertime: Comfort Classics, Freezer Food, 16-Minute Meals, and Other Delicious Ways to Solve Supper!",Food and Drink,16,1,£56.41,902.56
The Past Never Ends,Mystery,16,4,£56.50,904.0
The Natural History of Us (The Fine Art of Pretending #2),Young Adult,16,3,£45.22,723.52
The Nameless City (The Nameless City #1),Sequential Art,16,4,£38.16,610.56
The Murder That Never Was (Forensic Instincts #5),Fiction,16,3,£54.11,865.76
The Most Perfect Thing: Inside (and Outside) a Bird's Egg,Science,16,4,£42.96,687.36
"The Mindfulness and Acceptance Workbook for Anxiety: A Guide to Breaking Free from Anxiety, Phobias, and Worry Using Acceptance and Commitment Therapy",Add a comment,16,4,£23.89,382.24
The Life-Changing Magic of Tidying Up: The Japanese Art of Decluttering and Organizing,Nonfiction,16,3,£16.77,268.32
"The Inefficiency Assassin: Time Management Tactics for Working Smarter, Not Longer",Default,16,5,£20.59,329.44
The Gutsy Girl: Escapades for Your Life of Epic Adventure,Nonfiction,16,1,£37.13,594.08
The Electric Pencil: Drawings from Inside State Hospital No. 3,Nonfiction,16,1,£56.06,896.96
The Death of Humanity: and the Case for Life,Philosophy,16,4,£58.11,929.76
"The Bulletproof Diet: Lose up to a Pound a Day, Reclaim Energy and Focus, Upgrade Your Life",Health,16,3,£49.05,784.8
The Art Forger,Add a comment,16,3,£40.76,652.16
The Age of Genius: The Seventeenth Century and the Birth of the Modern Mind,History,16,1,£19.73,315.68
The Activist's Tao Te Ching: Ancient Advice for a Modern Revolution,Spirituality,16,5,£32.24,515.84
Spark Joy: An Illustrated Master Class on the Art of Organizing and Tidying Up,Nonfiction,16,4,£41.83,669.28
Soul Reader,Default,16,2,£39.58,633.28
Security,Horror,16,2,£39.25,628.0
"Saga, Volume 6 (Saga (Collected Editions) #6)",Fantasy,16,3,£25.02,400.32
"Saga, Volume 5 (Saga (Collected Editions) #5)",Sequential Art,16,2,£51.04,816.64
Reskilling America: Learning to Labor in the Twenty-First Century,Nonfiction,16,2,£19.83,317.28
"Rat Queens, Vol. 3: Demons (Rat Queens (Collected Editions) #11-15)",Sequential Art,16,3,£50.40,806.4
"Princess Jellyfish 2-in-1 Omnibus, Vol. 01 (Princess Jellyfish 2-in-1 Omnibus #1)",Sequential Art,16,5,£13.61,217.76
Princess Between Worlds (Wide-Awake Princess #5),Fantasy,16,5,£13.34,213.44
"Pop Gun War, Volume 1: Gift",Sequential Art,16,1,£18.97,303.52
"Political Suicide: Missteps, Peccadilloes, Bad Calls, Backroom Hijinx, Sordid Pasts, Rotten Breaks, and Just Plain Dumb Mistakes in the Annals of American Politics",History,16,2,£36.28,580.48
Patience,Sequential Art,16,3,£10.16,162.56
"Outcast, Vol. 1: A Darkness Surrounds Him (Outcast #1)",Sequential Art,16,4,£15.44,247.04
orange: The Complete Collection 1 (orange: The Complete Collection #1),Sequential Art,16,1,£48.41,774.56
Online Marketing for Busy Authors: A Step-By-Step Guide,Self Help,16,1,£46.35,741.6
On a Midnight Clear,Add a comment,16,3,£14.07,225.12
Obsidian (Lux #1),Young Adult,16,2,£14.86,237.76
My Paris Kitchen: Recipes and Stories,Food and Drink,16,2,£33.37,533.92
Masks and Shadows,Fantasy,16,2,£56.40,902.4
"Mama Tried: Traditional Italian Cooking for the Screwed, Crude, Vegan, and Tattooed",Food and Drink,16,4,£14.02,224.32
"Lumberjanes, Vol. 2: Friendship to the Max (Lumberjanes #5-8)",Sequential Art,16,2,£46.91,750.56
"Lumberjanes, Vol. 1: Beware the Kitten Holy (Lumberjanes #1-4)",Sequential Art,16,3,£45.61,729.76
Lumberjanes Vol. 3: A Terrible Plan (Lumberjanes #9-12),Sequential Art,16,2,£19.92,318.72
"Layered: Baking, Building, and Styling Spectacular Cakes",Food and Drink,16,1,£40.11,641.76
Judo: Seven Steps to Black Belt (an Introductory Guide for Beginners),Add a comment,16,2,£53.90,862.4
Join,Science Fiction,16,5,£35.67,570.72
In the Country We Love: My Family Divided,Nonfiction,16,4,£22.00,352.0
Immunity: How Elie Metchnikoff Changed the Course of Modern Medicine,Science,16,5,£57.36,917.76
"I Hate Fairyland, Vol. 1: Madly Ever After (I Hate Fairyland (Compilations) #1-5)",Sequential Art,16,2,£29.17,466.72
I am a Hero Omnibus Volume 1,Sequential Art,16,3,£54.63,874.08
How to Be Miserable: 40 Strategies You Already Use,Self Help,16,1,£46.03,736.48
Her Backup Boyfriend (The Sorensen Family #1),Romance,16,1,£33.97,543.52
"Giant Days, Vol. 2 (Giant Days #5-8)",Sequential Art,16,2,£22.11,353.76
Forever and Forever: The Courtship of Henry Longfellow and Fanny Appleton,Historical Fiction,16,3,£29.69,475.04
First and First (Five Boroughs #3),Romance,16,4,£15.97,255.52
Fifty Shades Darker (Fifty Shades #2),Romance,16,1,£21.96,351.36
Everydata: The Misinformation Hidden in the Little Data You Consume Every Day,Nonfiction,16,2,£54.35,869.6
"Don't Be a Jerk: And Other Practical Advice from Dogen, Japan's Greatest Zen Master",Religion,16,2,£37.97,607.52
Danganronpa Volume 1,Sequential Art,16,4,£51.99,831.84
Crown of Midnight (Throne of Glass #2),Fantasy,16,3,£43.29,692.64
"Codename Baboushka, Volume 1: The Conclave of Death",Sequential Art,16,4,£36.72,587.52
Camp Midnight,Sequential Art,16,4,£17.08,273.28
Call the Nurse: True Stories of a Country Nurse on a Scottish Isle,Nonfiction,16,5,£29.14,466.24
Burning,Young Adult,16,3,£28.81,460.96
Bossypants,Default,16,2,£49.46,791.36
"Bitch Planet, Vol. 1: Extraordinary Machine (Bitch Planet (Collected Editions))",Sequential Art,16,2,£37.92,606.72
"Avatar: The Last Airbender: Smoke and Shadow, Part 3 (Smoke and Shadow #3)",Fantasy,16,2,£28.09,449.44
Algorithms to Live By: The Computer Science of Human Decisions,Nonfiction,16,1,£30.81,492.96
A World of Flavor: Your Gluten Free Passport,Default,16,1,£42.95,687.2
"A Piece of Sky, a Grain of Rice: A Memoir in Four Meditations",Default,16,5,£56.76,908.16
A Murder in Time,Mystery,16,1,£16.64,266.24
A Flight of Arrows (The Pathfinders #2),Historical Fiction,16,5,£55.53,888.48
A Fierce and Subtle Poison,Young Adult,16,4,£28.13,450.08
A Court of Thorns and Roses (A Court of Thorns and Roses #1),Fantasy,16,1,£52.37,837.92
(Un)Qualified: How God Uses Broken People to Do Big Things,Christian,16,5,£54.00,864.0
You Are What You Love: The Spiritual Power of Habit,Religion,15,4,£21.87,328.05
"William Shakespeare's Star Wars: Verily, A New Hope (William Shakespeare's Star Wars #4)",Science Fiction,15,4,£43.30,649.5
Tuesday Nights in 1980,Fiction,15,2,£21.04,315.59999999999997
Tracing Numbers on a Train,Default,15,3,£41.60,624.0
Throne of Glass (Throne of Glass #1),Fantasy,15,3,£35.07,526.05
Thomas Jefferson and the Tripoli Pirates: The Forgotten War That Changed American History,History,15,1,£59.64,894.6
Thirteen Reasons Why,Default,15,1,£52.72,790.8
The White Cat and the Monk: A Retelling of the Poem “Pangur Bán”,Childrens,15,4,£58.08,871.1999999999999
The Wedding Dress,Romance,15,1,£24.12,361.8
The Vacationers,Fiction,15,4,£42.15,632.25
The Third Wave: An Entrepreneur’s Vision of the Future,Business,15,5,£12.61,189.14999999999998
The Stranger,Philosophy,15,4,£17.44,261.6
The Shadow Hero (The Shadow Hero),Sequential Art,15,1,£33.14,497.1
The Secret (The Secret #1),Default,15,4,£27.37,410.55
The Regional Office Is Under Attack!,Fiction,15,5,£51.36,770.4
The Psychopath Test: A Journey Through the Madness Industry,Default,15,2,£36.00,540.0
The Project,Science Fiction,15,1,£10.65,159.75
The Power of Now: A Guide to Spiritual Enlightenment,Nonfiction,15,2,£43.54,653.1
The Omnivore's Dilemma: A Natural History of Four Meals,Nonfiction,15,2,£38.21,573.15
The Nerdy Nummies Cookbook: Sweet Treats for the Geek in All of Us,Food and Drink,15,5,£37.34,560.1
The Murder of Roger Ackroyd (Hercule Poirot #4),Mystery,15,4,£44.10,661.5
The Mistake (Off-Campus #2),New Adult,15,3,£43.29,649.35
The Matchmaker's Playbook (Wingmen Inc. #1),New Adult,15,1,£55.85,837.75
The Love and Lemons Cookbook: An Apple-to-Zucchini Celebration of Impromptu Cooking,Food and Drink,15,2,£37.60,564.0
The Long Shadow of Small Ghosts: Murder and Memory in an American City,Crime,15,1,£10.97,164.55
The Kite Runner,Default,15,4,£41.82,627.3
The House by the Lake,Historical Fiction,15,1,£36.95,554.25
The Glittering Court (The Glittering Court #1),Fantasy,15,1,£44.28,664.2
The Girl on the Train,Default,15,2,£55.02,825.3000000000001
The Genius of Birds,Nonfiction,15,1,£17.24,258.59999999999997
The Emerald Mystery,Default,15,2,£23.15,347.25
The Cookies & Cups Cookbook: 125+ sweet & savory recipes reminding you to Always Eat Dessert First,Food and Drink,15,1,£41.25,618.75
The Bridge to Consciousness: I'm Writing the Bridge Between Science and Our Old and New Beliefs.,Default,15,3,£32.00,480.0
The Artist's Way: A Spiritual Path to Higher Creativity,Nonfiction,15,5,£38.49,577.35
The Art of War,Default,15,5,£33.34,500.1
The Argonauts,Autobiography,15,2,£10.93,163.95
The 10% Entrepreneur: Live Your Startup Dream Without Quitting Your Day Job,Business,15,3,£27.55,413.25
Suddenly in Love (Lake Haven #1),Romance,15,2,£55.99,839.85
Something More Than This,Romance,15,4,£16.24,243.59999999999997
Soft Apocalypse,Science Fiction,15,2,£26.12,391.8
So You've Been Publicly Shamed,Nonfiction,15,2,£12.23,183.45000000000002
Shoe Dog: A Memoir by the Creator of NIKE,Business,15,2,£23.99,359.84999999999997
"Shobu Samurai, Project Aryoku (#3)",Add a comment,15,3,£29.06,435.9
Secrets and Lace (Fatal Hearts #1),Default,15,1,£20.27,304.05
Scarlett Epstein Hates It Here,Young Adult,15,5,£43.55,653.25
Romero and Juliet: A Tragic Tale of Love and Zombies,Default,15,1,£36.94,554.0999999999999
Redeeming Love,Christian Fiction,15,5,£20.47,307.04999999999995
Poses for Artists Volume 1 - Dynamic and Sitting Poses: An Essential Reference for Figure Drawing and the Human Form,Default,15,1,£41.06,615.9000000000001
Poems That Make Grown Women Cry,Poetry,15,4,£14.19,212.85
"Nightingale, Sing",Young Adult,15,1,£38.28,574.2
Night Sky with Exit Wounds,Poetry,15,1,£41.05,615.75
Mrs. Houdini,Historical Fiction,15,5,£30.25,453.75
Modern Romance,Add a comment,15,5,£28.26,423.90000000000003
Miss Peregrine’s Home for Peculiar Children (Miss Peregrine’s Peculiar Children #1),Default,15,1,£10.76,161.4
Louisa: The Extraordinary Life of Mrs. Adams,Biography,15,2,£16.85,252.75000000000003
Little Red,Childrens,15,3,£13.47,202.05
Library of Souls (Miss Peregrine’s Peculiar Children #3),Young Adult,15,5,£48.56,728.4000000000001
Large Print Heart of the Pride,Default,15,2,£19.15,287.25
I Had a Nice Time And Other Lies...: How to find love & sh*t like that,Womens Fiction,15,4,£57.36,860.4
Hollow City (Miss Peregrine’s Peculiar Children #2),Fantasy,15,1,£42.98,644.6999999999999
Grumbles,Default,15,2,£22.16,332.4
Full Moon over Noah’s Ark: An Odyssey to Mount Ararat and Beyond,Travel,15,4,£49.43,741.45
Frostbite (Vampire Academy #2),Young Adult,15,5,£29.99,449.84999999999997
Follow You Home,Horror,15,1,£21.36,320.4
First Steps for New Christians (Print Edition),Default,15,1,£29.00,435.0
Finders Keepers (Bill Hodges Trilogy #2),Fiction,15,5,£53.53,802.95
"Fables, Vol. 1: Legends in Exile (Fables #1)",Sequential Art,15,4,£41.62,624.3
Eureka Trivia 6.0,Default,15,4,£54.59,818.85
Drive: The Surprising Truth About What Motivates Us,Default,15,4,£34.95,524.25
Done Rubbed Out (Reightman & Bailey #1),Default,15,5,£37.72,565.8
Doing It Over (Most Likely To #1),Romance,15,3,£35.61,534.15
"Deliciously Ella Every Day: Quick and Easy Recipes for Gluten-Free Snacks, Packed Lunches, and Simple Meals",Food and Drink,15,3,£42.16,632.4
Dark Notes,Erotica,15,5,£19.19,287.85
"Daring Greatly: How the Courage to Be Vulnerable Transforms the Way We Live, Love, Parent, and Lead",Nonfiction,15,3,£19.43,291.45
Close to You,Christian Fiction,15,4,£49.46,741.9
Chasing Heaven: What Dying Taught Me About Living,Spirituality,15,2,£37.80,567.0
Big Magic: Creative Living Beyond Fear,Nonfiction,15,3,£30.80,462.0
Becoming Wise: An Inquiry into the Mystery and Art of Living,Nonfiction,15,2,£27.43,411.45
Beauty Restored (Riley Family Legacy Novellas #3),Default,15,2,£11.11,166.64999999999998
Batman: The Long Halloween (Batman),Sequential Art,15,2,£36.50,547.5
Batman: The Dark Knight Returns (Batman),Sequential Art,15,5,£15.38,230.70000000000002
Ayumi's Violin,Default,15,2,£15.48,232.20000000000002
Anonymous,Default,15,4,£46.82,702.3
Amy Meets the Saints and Sages,Default,15,3,£18.46,276.90000000000003
Amid the Chaos,Cultural,15,1,£36.58,548.6999999999999
Amatus,Default,15,5,£50.54,758.1
Agnostic: A Spirited Manifesto,Nonfiction,15,5,£12.51,187.65
Zealot: The Life and Times of Jesus of Nazareth,History,14,3,£24.70,345.8
You (You #1),Thriller,14,5,£43.61,610.54
"Wonder Woman: Earth One, Volume One (Wonder Woman: Earth One #1)",Sequential Art,14,4,£37.34,522.76
Wild Swans,Young Adult,14,2,£14.36,201.04
Why the Right Went Wrong: Conservatism--From Goldwater to the Tea Party and Beyond,Politics,14,4,£52.65,737.1
Whole Lotta Creativity Going On: 60 Fun and Unusual Exercises to Awaken and Strengthen Your Creativity,Nonfiction,14,4,£38.20,534.8000000000001
What's It Like in Space?: Stories from Astronauts Who've Been There,Nonfiction,14,2,£19.60,274.40000000000003
"We Are Robin, Vol. 1: The Vigilante Business (We Are Robin #1)",Sequential Art,14,1,£53.90,754.6
Walt Disney's Alice in Wonderland,Childrens,14,5,£12.96,181.44
V for Vendetta (V for Vendetta Complete),Default,14,4,£37.10,519.4
Until Friday Night (The Field Party #1),Young Adult,14,2,£46.31,648.34
"Unbroken: A World War II Story of Survival, Resilience, and Redemption",Default,14,2,£45.95,643.3000000000001
Twenty Yawns,Childrens,14,2,£22.08,309.12
Through the Woods,Sequential Art,14,2,£25.38,355.32
This Is Where It Ends,Young Adult,14,2,£27.12,379.68
The Year of Magical Thinking,Nonfiction,14,2,£43.04,602.56
The Wright Brothers,Default,14,4,£56.80,795.1999999999999
The White Queen (The Cousins' War #1),Add a comment,14,5,£25.91,362.74
The Wedding Pact (The O'Malleys #2),Romance,14,3,£32.61,456.53999999999996
The Time Keeper,Fiction,14,5,£27.88,390.32
The Testament of Mary,Fiction,14,4,£52.67,737.38
The Star-Touched Queen,Fantasy,14,5,£46.02,644.2800000000001
The Songs of the Gods,Default,14,5,£44.48,622.7199999999999
The Song of Achilles,Add a comment,14,5,£37.40,523.6
The Rosie Project (Don Tillman #1),Default,14,1,£54.04,756.56
The Power of Habit: Why We Do What We Do in Life and Business,Default,14,3,£16.88,236.32
The Marriage of Opposites,Historical Fiction,14,4,£28.08,393.12
The Lucifer Effect: Understanding How Good People Turn Evil,Psychology,14,1,£10.40,145.6
The Long Haul (Diary of a Wimpy Kid #9),Humor,14,1,£44.07,616.98
The Loney,Horror,14,1,£23.40,327.59999999999997
The Literature Book (Big Ideas Simply Explained),Nonfiction,14,3,£17.43,244.01999999999998
The Last Mile (Amos Decker #2),Mystery,14,2,£54.21,758.94
The Immortal Life of Henrietta Lacks,Add a comment,14,2,£40.67,569.38
The Hidden Oracle (The Trials of Apollo #1),Fantasy,14,2,£52.26,731.64
The Help Yourself Cookbook for Kids: 60 Easy Plant-Based Recipes Kids Can Make to Stay Healthy and Save the Earth,Food and Drink,14,3,£28.77,402.78
The Guilty (Will Robie #4),Thriller,14,2,£13.82,193.48000000000002
The First Hostage (J.B. Collins #2),Fiction,14,3,£25.85,361.90000000000003
The Dovekeepers,Add a comment,14,1,£48.78,682.9200000000001
The Darkest Lie,Young Adult,14,5,£35.35,494.90000000000003
The Bane Chronicles (The Bane Chronicles #1-11),Fantasy,14,4,£44.73,626.2199999999999
The Bad-Ass Librarians of Timbuktu: And Their Race to Save the World’s Most Precious Manuscripts,Nonfiction,14,1,£15.77,220.78
The 14th Colony (Cotton Malone #11),Thriller,14,1,£39.24,549.36
That Darkness (Gardiner and Renner #1),Mystery,14,1,£13.92,194.88
Tastes Like Fear (DI Marnie Rome #3),Mystery,14,1,£10.69,149.66
Take Me with You,Fiction,14,3,£45.21,632.94
Swell: A Year of Waves,Nonfiction,14,1,£45.58,638.12
Superman Vol. 1: Before Truth (Superman by Gene Luen Yang #1),Sequential Art,14,5,£11.89,166.46
Still Life with Bread Crumbs,Fiction,14,3,£26.41,369.74
Steve Jobs,Default,14,5,£39.50,553.0
Sorting the Beef from the Bull: The Science of Food Fraud Forensics,Science,14,4,£44.74,626.36
Someone Like You (The Harrisons #2),Contemporary,14,5,£52.79,739.06
"So Cute It Hurts!!, Vol. 6 (So Cute It Hurts!! #6)",Sequential Art,14,4,£35.43,496.02
Shtum,Fiction,14,4,£55.84,781.76
See America: A Celebration of Our National Parks & Treasured Sites,Travel,14,3,£48.87,684.18
salt.,Poetry,14,4,£46.78,654.9200000000001
Robin War,Sequential Art,14,3,£47.82,669.48
"Red Hood/Arsenal, Vol. 1: Open for Business (Red Hood/Arsenal #1)",Sequential Art,14,2,£25.48,356.72
Rain Fish,Childrens,14,3,£23.57,329.98
"Quarter Life Poetry: Poems for the Young, Broke and Hangry",Poetry,14,5,£50.89,712.46
Pet Sematary,Horror,14,3,£10.56,147.84
"Overload: How to Unplug, Unwind, and Unleash Yourself from the Pressure of Stress",Self Help,14,3,£52.15,730.1
Once Was a Time,Childrens,14,2,£18.28,255.92000000000002
Old School (Diary of a Wimpy Kid #10),Humor,14,5,£11.83,165.62
No Dream Is Too High: Life Lessons From a Man Who Walked on the Moon,Nonfiction,14,2,£21.95,307.3
"Naruto (3-in-1 Edition), Vol. 14: Includes Vols. 40, 41 & 42 (Naruto: Omnibus #14)",Sequential Art,14,2,£38.39,537.46
My Name Is Lucy Barton,Fiction,14,1,£41.56,581.84
My Mrs. Brown,Fiction,14,3,£24.48,342.72
My Kind of Crazy,Young Adult,14,1,£40.36,565.04
Mr. Mercedes (Bill Hodges Trilogy #1),Fiction,14,1,£28.90,404.59999999999997
More Than Music (Chasing the Dream #1),Add a comment,14,2,£37.61,526.54
Made to Stick: Why Some Ideas Survive and Others Die,Business,14,5,£38.85,543.9
Luis Paints the World,Childrens,14,3,£53.95,755.3000000000001
Luckiest Girl Alive,Default,14,3,£49.83,697.62
Lowriders to the Center of the Earth (Lowriders in Space #2),Sequential Art,14,2,£51.51,721.14
Love Is a Mix Tape (Music #1),Music,14,1,£18.03,252.42000000000002
Looking for Lovely: Collecting the Moments that Matter,Nonfiction,14,5,£29.14,407.96000000000004
"Living Leadership by Insight: A Good Leader Achieves, a Great Leader Builds Monuments",Default,14,4,£46.91,656.74
Let It Out: A Journey Through Journaling,Nonfiction,14,5,£26.79,375.06
Lady Midnight (The Dark Artifices #1),Default,14,5,£16.28,227.92000000000002
"It's All Easy: Healthy, Delicious Weeknight Meals in under 30 Minutes",Food and Drink,14,1,£19.55,273.7
Island of Dragons (Unwanteds #7),Fantasy,14,1,£29.65,415.09999999999997
I Know What I'm Doing -- and Other Lies I Tell Myself: Dispatches from a Life Under Construction,Humor,14,4,£25.98,363.72
I Am Pilgrim (Pilgrim #1),Fiction,14,4,£10.60,148.4
"Hyperbole and a Half: Unfortunate Situations, Flawed Coping Mechanisms, Mayhem, and Other Things That Happened",Humor,14,5,£14.75,206.5
"Hush, Hush (Hush, Hush #1)",Default,14,3,£47.02,658.2800000000001
Hold Your Breath (Search and Rescue #1),Romance,14,1,£28.82,403.48
Hamilton: The Revolution,Nonfiction,14,3,£58.79,823.06
Greek Mythic History,Default,14,5,£10.23,143.22
God: The Most Unpleasant Character in All Fiction,Religion,14,5,£30.03,420.42
Glory over Everything: Beyond The Kitchen House,Historical Fiction,14,3,£45.84,641.76
Feathers: Displays of Brilliant Plumage,Art,14,3,£49.05,686.6999999999999
"Far & Away: Places on the Brink of Change: Seven Continents, Twenty-Five Years",Nonfiction,14,4,£15.06,210.84
Every Last Word,Default,14,3,£46.47,650.5799999999999
Eligible (The Austen Project #4),Fiction,14,3,£27.09,379.26
El Deafo,Sequential Art,14,5,£57.62,806.68
Eight Hundred Grapes,Fiction,14,4,£14.39,201.46
"Eaternity: More than 150 Deliciously Easy Vegan Recipes for a Long, Healthy, Satisfied, Joyful Life",Nonfiction,14,5,£51.75,724.5
"Eat Fat, Get Thin",Health,14,2,£54.07,756.98
Don't Get Caught,Young Adult,14,1,£55.35,774.9
Doctor Sleep (The Shining #2),Horror,14,2,£40.12,561.68
Demigods & Magicians: Percy and Annabeth Meet the Kanes (Percy Jackson & Kane Chronicles Crossover #1-3),Fantasy,14,5,£37.51,525.14
Dear Mr. Knightley,Fiction,14,5,£11.21,156.94
Daily Fantasy Sports,Default,14,1,£36.58,512.12
Crazy Love: Overwhelmed by a Relentless God,Christian,14,2,£47.72,668.0799999999999
Cometh the Hour (The Clifton Chronicles #6),Fiction,14,3,£25.01,350.14000000000004
Code Name Verity (Code Name Verity #1),Add a comment,14,4,£22.13,309.82
Clockwork Angel (The Infernal Devices #1),Default,14,1,£44.14,617.96
City of Glass (The Mortal Instruments #3),Fantasy,14,4,£56.02,784.2800000000001
City of Fallen Angels (The Mortal Instruments #4),Default,14,4,£11.23,157.22
City of Bones (The Mortal Instruments #1),Default,14,1,£43.28,605.9200000000001
City of Ashes (The Mortal Instruments #2),Default,14,1,£47.27,661.7800000000001
Cell,Add a comment,14,4,£20.29,284.06
Catching Jordan (Hundred Oaks),Young Adult,14,3,£50.83,711.62
"Carry On, Warrior: Thoughts on Life Unarmed",Default,14,3,£31.85,445.90000000000003
Carrie,Default,14,2,£46.23,647.2199999999999
Buying In: The Secret Dialogue Between What We Buy and Who We Are,Nonfiction,14,4,£37.80,529.1999999999999
Brain on Fire: My Month of Madness,Nonfiction,14,5,£49.32,690.48
Batman: Europa,Sequential Art,14,2,£32.01,448.14
Barefoot Contessa Back to Basics,Food and Drink,14,1,£28.01,392.14000000000004
Barefoot Contessa at Home: Everyday Recipes You'll Make Over and Over Again,Food and Drink,14,5,£50.62,708.68
Balloon Animals,Fiction,14,3,£17.03,238.42000000000002
Art Ops Vol. 1,Sequential Art,14,3,£48.80,683.1999999999999
Aristotle and Dante Discover the Secrets of the Universe (Aristotle and Dante Discover the Secrets of the Universe #1),Young Adult,14,4,£58.14,813.96
Angels Walking (Angels Walking #1),Add a comment,14,2,£34.20,478.80000000000007
Angels & Demons (Robert Langdon #1),Default,14,3,£51.48,720.7199999999999
All the Light We Cannot See,Historical,14,5,£29.87,418.18
"Adulthood Is a Myth: A ""Sarah's Scribbles"" Collection",Sequential Art,14,2,£10.90,152.6
Abstract City,Nonfiction,14,5,£56.37,789.18
A Time of Torment (Charlie Parker #14),Mystery,14,5,£48.35,676.9
A Study in Scarlet (Sherlock Holmes #1),Mystery,14,2,£16.73,234.22
"A Series of Catastrophes and Miracles: A True Story of Love, Science, and Cancer",Add a comment,14,2,£56.48,790.7199999999999
A People's History of the United States,Add a comment,14,2,£40.79,571.06
A Man Called Ove,Fiction,14,1,£39.72,556.0799999999999
A Distant Mirror: The Calamitous 14th Century,History,14,3,£14.58,204.12
A Brush of Wings (Angels Walking #3),Add a comment,14,1,£55.51,777.14
1491: New Revelations of the Americas Before Columbus,History,14,3,£21.80,305.2
"The Three Searches, Meaning, and the Story",Default,13,3,£13.33,173.29
Searching for Meaning in Gailana,Fantasy,13,1,£38.73,503.48999999999995
Rook,Add a comment,13,4,£37.86,492.18
My Kitchen Year: 136 Recipes That Saved My Life,Food and Drink,13,2,£11.53,149.89
13 Hours: The Inside Account of What Really Happened In Benghazi,Nonfiction,13,1,£27.06,351.78
Will You Won't You Want Me?,Womens Fiction,12,3,£13.86,166.32
Tipping Point for Planet Earth: How Close Are We to the Edge?,Science,12,1,£37.55,450.59999999999997
The Star-Touched Queen,Fantasy,12,5,£32.30,387.59999999999997
The Silent Sister (Riley MacPherson #1),Fiction,12,5,£46.29,555.48
The Midnight Watch: A Novel of the Titanic and the Californian,Add a comment,12,1,£26.20,314.4
The Lonely City: Adventures in the Art of Being Alone,Nonfiction,12,2,£33.26,399.12
The Gray Rhino: How to Recognize and Act on the Obvious Dangers We Ignore,Add a comment,12,4,£59.15,709.8
The Golden Condom: And Other Essays on Love Lost and Found,Psychology,12,1,£39.43,473.15999999999997
The Epidemic (The Program 0.6),Young Adult,12,5,£14.44,173.28
The Dinner Party,Fiction,12,2,£56.54,678.48
The Diary of a Young Girl,Nonfiction,12,3,£59.90,718.8
The Children,Add a comment,12,3,£11.88,142.56
Stars Above (The Lunar Chronicles #4.5),Young Adult,12,2,£48.05,576.5999999999999
Snatched: How A Drug Queen Went Undercover for the DEA and Was Kidnapped By Colombian Guerillas,Nonfiction,12,3,£21.21,254.52
Raspberry Pi Electronics Projects for the Evil Genius,Default,12,4,£49.67,596.04
Quench Your Own Thirst: Business Lessons Learned Over a Beer or Two,Business,12,1,£43.14,517.6800000000001
Psycho: Sanitarium (Psycho #1.5),Horror,12,5,£36.97,443.64
Poisonous (Max Revere Novels #3),Mystery,12,3,£26.80,321.6
One with You (Crossfire #5),Add a comment,12,4,£15.71,188.52
No Love Allowed (Dodge Cove #1),Young Adult,12,4,£54.65,655.8
Murder at the 42nd Street Library (Raymond Ambler #1),Mystery,12,4,£54.36,652.3199999999999
Most Wanted,Mystery,12,3,£35.28,423.36
"Love, Lies and Spies",Historical Fiction,12,2,£20.55,246.60000000000002
How to Speak Golf: An Illustrated Guide to Links Lingo,Default,12,5,£58.32,699.84
Hide Away (Eve Duncan #20),Mystery,12,1,£11.84,142.07999999999998
Furiously Happy: A Funny Book About Horrible Things,Nonfiction,12,4,£41.46,497.52
Everyday Italian: 125 Simple and Delicious Recipes,Food and Drink,12,5,£20.10,241.20000000000002
Equal Is Unfair: America's Misguided Fight Against Income Inequality,Politics,12,1,£56.86,682.3199999999999
Eleanor & Park,Default,12,5,£56.51,678.12
Dirty (Dive Bar #1),Romance,12,4,£40.83,489.96
Can You Keep a Secret? (Fear Street Relaunch #4),Horror,12,1,£48.64,583.6800000000001
Boar Island (Anna Pigeon #19),Mystery,12,3,£59.48,713.76
A Paris Apartment,Historical Fiction,12,4,£39.01,468.12
"A la Mode: 120 Recipes in 60 Pairings: Pies, Tarts, Cakes, Crisps, and More Topped with Ice Cream, Gelato, Frozen Custard, and More",Food and Drink,12,1,£38.77,465.24
Troublemaker: Surviving Hollywood and Scientology,Default,11,2,£48.39,532.29
The Widow,Mystery,11,2,£27.26,299.86
"The Sleep Revolution: Transforming Your Life, One Night at a Time",Nonfiction,11,4,£11.68,128.48
The Improbability of Love,Fiction,11,1,£59.45,653.95
The Art of Startup Fundraising,Business,11,3,£21.00,231.0
Take Me Home Tonight (Rock Star Romance #3),Romance,11,3,£53.98,593.78
Sleeping Giants (Themis Files #1),Science Fiction,11,1,£48.74,536.14
"Setting the World on Fire: The Brief, Astonishing Life of St. Catherine of Siena",Biography,11,2,£21.15,232.64999999999998
Playing with Fire,Mystery,11,3,£13.71,150.81
Off the Hook (Fishing for Trouble #1),Romance,11,3,£47.67,524.37
Mothering Sunday,Fiction,11,2,£13.34,146.74
"Mother, Can You Not?",Nonfiction,11,5,£16.89,185.79000000000002
M Train,Autobiography,11,1,£27.18,298.98
Lilac Girls,Historical Fiction,11,2,£17.28,190.08
Lies and Other Acts of Love,Fiction,11,1,£45.14,496.54
Lab Girl,Autobiography,11,1,£40.85,449.35
Keep Me Posted,Womens Fiction,11,4,£20.46,225.06
It Didn't Start with You: How Inherited Family Trauma Shapes Who We Are and How to End the Cycle,Psychology,11,3,£56.27,618.97
Grey (Fifty Shades #4),Womens Fiction,11,4,£48.49,533.39
"Exit, Pursued by a Bear",Young Adult,11,4,£51.34,564.74
Daredevils,Fiction,11,3,£16.34,179.74
Cravings: Recipes for What You Want to Eat,Food and Drink,11,3,£20.50,225.5
Born for This: How to Find the Work You Were Meant to Do,Business,11,5,£21.59,237.49
Arena,Science Fiction,11,4,£21.36,234.95999999999998
Adultery,Default,11,5,£20.88,229.67999999999998
A Mother's Reckoning: Living in the Aftermath of Tragedy,Nonfiction,11,3,£19.53,214.83
A Gentleman's Position (Society of Gentlemen #3),Romance,11,5,£14.75,162.25
11/22/63,Fiction,11,3,£48.48,533.28
"10% Happier: How I Tamed the Voice in My Head, Reduced Stress Without Losing My Edge, and Found Self-Help That Actually Works",Nonfiction,10,2,£24.57,245.7
10-Day Green Smoothie Cleanse: Lose Up to 15 Pounds in 10 Days!,Health,10,5,£49.71,497.1
Without Shame,Add a comment,9,5,£48.27,434.43
Watchmen,Add a comment,9,4,£58.05,522.4499999999999
Unlimited Intuition Now,Default,9,4,£58.87,529.8299999999999
Underlying Notes,Default,9,2,£11.82,106.38
The Shack,Fiction,9,1,£28.03,252.27
The New Brand You: Your New Image Makes the Sale for You,Default,9,5,£44.05,396.45
"The Moosewood Cookbook: Recipes from Moosewood Restaurant, Ithaca, New York",Food and Drink,9,4,£12.34,111.06
The Flowers Lied,Default,9,2,£16.68,150.12
"The Fabric of the Cosmos: Space, Time, and the Texture of Reality",Science,9,1,£55.91,503.18999999999994
The Book of Mormon,Religion,9,3,£24.57,221.13
The Art and Science of Low Carbohydrate Living,Health,9,5,£52.98,476.82
The Alien Club,Young Adult,9,1,£54.40,489.59999999999997
Suzie Snowflake: One beautiful flake (a self-esteem story),Novels,9,5,£54.81,493.29
Nap-a-Roo,Childrens,9,1,£25.08,225.71999999999997
"NaNo What Now? Finding your editing process, revising your NaNoWriMo book and building a writing career through publishing and beyond",Default,9,4,£10.41,93.69
Modern Day Fables,Default,9,2,£47.44,426.96
If I Gave You God's Phone Number....: Searching for Spirituality in America,Spirituality,9,1,£20.91,188.19
"Fruits Basket, Vol. 9 (Fruits Basket #9)",Sequential Art,9,4,£33.95,305.55
Dress Your Family in Corduroy and Denim,Humor,9,3,£43.68,393.12
Don't Forget Steven,Young Adult,9,1,£33.23,299.07
Chernobyl 01:23:40: The Incredible True Story of the World's Worst Nuclear Disaster,Nonfiction,9,2,£35.92,323.28000000000003
Art and Fear: Observations on the Perils (and Rewards) of Artmaking,Art,9,4,£48.63,437.67
A Shard of Ice (The Black Symphony Saga #1),Fantasy,9,3,£56.63,509.67
A Hero's Curse (The Unseen Chronicles #1),Add a comment,9,3,£50.49,454.41
23 Degrees South: A Tropical Tale of Changing Whether...,Add a comment,9,2,£35.79,322.11
"Zero to One: Notes on Startups, or How to Build the Future",Nonfiction,8,3,£34.06,272.48
Why Not Me?,Nonfiction,8,1,£17.76,142.08
When Breath Becomes Air,Nonfiction,8,2,£39.36,314.88
Vagabonding: An Uncommon Guide to the Art of Long-Term World Travel,Travel,8,2,£36.94,295.52
The Unlikely Pilgrimage of Harold Fry (Harold Fry #1),Default,8,5,£43.62,348.96
The New Drawing on the Right Side of the Brain,Art,8,3,£43.02,344.16
"The Midnight Assassin: Panic, Scandal, and the Hunt for America's First Serial Killer",Nonfiction,8,4,£28.45,227.6
The Martian (The Martian #1),Default,8,2,£41.39,331.12
The High Mountains of Portugal,Fiction,8,1,£51.15,409.2
The Grownup,Short Stories,8,1,£35.88,287.04
The E-Myth Revisited: Why Most Small Businesses Don't Work and What to Do About It,Business,8,1,£36.91,295.28
South of Sunshine,Young Adult,8,1,£28.93,231.44
Smarter Faster Better: The Secrets of Being Productive in Life and Business,Nonfiction,8,5,£38.89,311.12
Silence in the Dark (Logan Point #4),Suspense,8,3,£58.33,466.64
Shadows of the Past (Logan Point #1),Christian Fiction,8,5,£39.67,317.36
Roller Girl,Sequential Art,8,5,£14.10,112.8
Rising Strong,Nonfiction,8,3,£21.82,174.56
Proofs of God: Classical Arguments from Tertullian to Barth,Philosophy,8,1,£54.21,433.68
Please Kill Me: The Uncensored Oral History of Punk,Music,8,4,£31.19,249.52
Out of Print: City Lights Spotlight No. 14,Poetry,8,5,£53.64,429.12
My Life Next Door (My Life Next Door ),Young Adult,8,5,£36.39,291.12
Miller's Valley,Fiction,8,2,£58.54,468.32
Man's Search for Meaning,Nonfiction,8,3,£29.48,235.84
"Love That Boy: What Two Presidents, Eight Road Trips, and My Son Taught Me About a Parent's Expectations",Nonfiction,8,2,£25.06,200.48
Living Forward: A Proven Plan to Stop Drifting and Get the Life You Want,Nonfiction,8,3,£12.55,100.4
Les Fleurs du Mal,Poetry,8,5,£29.04,232.32
Left Behind (Left Behind #1),Default,8,2,£40.72,325.76
Kill 'Em and Leave: Searching for James Brown and the American Soul,Music,8,5,£45.05,360.4
Kierkegaard: A Christian Missionary to Christians,Philosophy,8,1,£47.13,377.04
John Vassos: Industrial Design for Modern Life,Default,8,4,£20.22,161.76
I'll Give You the Sun,Default,8,1,£56.48,451.84
I Will Find You,Nonfiction,8,1,£44.21,353.68
Hystopia: A Novel,Fiction,8,4,£21.96,175.68
Howl and Other Poems,Poetry,8,2,£40.45,323.6
History of Beauty,Art,8,4,£10.29,82.32
Heaven is for Real: A Little Boy's Astounding Story of His Trip to Heaven and Back,Default,8,2,£52.86,422.88
Future Shock (Future Shock #1),Young Adult,8,5,£55.65,445.2
Ender's Game (The Ender Quintet #1),Default,8,1,£43.64,349.12
Diary of a Citizen Scientist: Chasing Tiger Beetles and Other New Ways of Engaging the World,Science,8,1,£28.41,227.28
Death by Leisure: A Cautionary Tale,Default,8,4,£37.51,300.08
Brilliant Beacons: A History of the American Lighthouse,History,8,3,£11.45,91.6
Brazen: The Courage to Find the You That's Been Hiding,Nonfiction,8,2,£19.22,153.76
Between the World and Me,Nonfiction,8,4,£56.91,455.28
Being Mortal: Medicine and What Matters in the End,Nonfiction,8,4,£55.06,440.48
"A Murder Over a Girl: Justice, Gender, Junior High",Nonfiction,8,3,£13.20,105.6
32 Yolks,Food and Drink,8,2,£53.63,429.04
"""Most Blessed of the Patriarchs"": Thomas Jefferson and the Empire of the Imagination",History,8,5,£44.48,355.84
You Are a Badass: How to Stop Doubting Your Greatness and Start Living an Awesome Life,Self Help,7,3,£12.08,84.56
Wildlife of New York: A Five-Borough Coloring Book,Default,7,2,£22.14,154.98000000000002
What Happened on Beale Street (Secrets of the South Mysteries #2),Mystery,7,5,£25.37,177.59
Unreasonable Hope: Finding Faith in the God Who Brings Purpose to Your Pain,Spirituality,7,2,£46.33,324.31
Under the Tuscan Sun,Travel,7,3,£37.33,261.31
Toddlers Are A**holes: It's Not Your Fault,Humor,7,1,£25.55,178.85
The Year of Living Biblically: One Man's Humble Quest to Follow the Bible as Literally as Possible,Default,7,1,£34.72,243.04
The Whale,Childrens,7,4,£35.96,251.72
The Story of Art,Art,7,4,£41.14,287.98
The Origin of Species,Science,7,4,£10.01,70.07
The Great Gatsby,Default,7,4,£36.05,252.34999999999997
The Good Girl,Default,7,3,£49.03,343.21000000000004
The Glass Castle,Add a comment,7,1,£16.24,113.67999999999999
The Faith of Christopher Hitchens: The Restless Soul of the World's Most Notorious Atheist,Biography,7,1,£39.55,276.84999999999997
The Drowning Girls,Add a comment,7,3,£35.67,249.69
The Constant Princess (The Tudor Court #1),Historical Fiction,7,3,£16.62,116.34
The Bourne Identity (Jason Bourne #1),Fiction,7,4,£42.78,299.46000000000004
The Bachelor Girl's Guide to Murder (Herringford and Watts Mysteries #1),Mystery,7,5,£52.30,366.09999999999997
The Art Book,Art,7,2,£32.34,226.38000000000002
The 7 Habits of Highly Effective People: Powerful Lessons in Personal Change,Default,7,4,£33.17,232.19
Team of Rivals: The Political Genius of Abraham Lincoln,Add a comment,7,5,£20.12,140.84
Steal Like an Artist: 10 Things Nobody Told You About Being Creative,Default,7,2,£20.90,146.29999999999998
"Sit, Stay, Love",Romance,7,3,£20.90,146.29999999999998
Sister Dear,Fiction,7,4,£40.20,281.40000000000003
"Shrunken Treasures: Literary Classics, Short, Sweet, and Silly",Childrens,7,3,£52.87,370.09
"Rich Dad, Poor Dad",Business,7,1,£51.74,362.18
Raymie Nightingale,Childrens,7,2,£34.41,240.86999999999998
Playing from the Heart,Childrens,7,1,£32.38,226.66000000000003
Nightstruck: A Novel,Young Adult,7,4,£50.35,352.45
"Naturally Lean: 125 Nourishing Gluten-Free, Plant-Based Recipes--All Under 300 Calories",Food and Drink,7,5,£11.38,79.66000000000001
Meternity,Womens Fiction,7,3,£43.58,305.06
Memoirs of a Geisha,Fiction,7,3,£49.67,347.69
Like Never Before (Walker Family #2),Christian Fiction,7,2,£28.77,201.39
Life of Pi,Default,7,4,£13.22,92.54
Leave This Song Behind: Teen Poetry at Its Best,Poetry,7,5,£51.17,358.19
King's Folly (The Kinsman Chronicles #1),Fantasy,7,5,£39.61,277.27
John Adams,Add a comment,7,4,£57.43,402.01
How to Cook Everything Vegetarian: Simple Meatless Recipes for Great Food (How to Cook Everything),Food and Drink,7,4,£46.01,322.07
How to Be a Domestic Goddess: Baking and the Art of Comfort Cooking,Food and Drink,7,2,£28.25,197.75
Good in Bed (Cannie Shapiro #1),Add a comment,7,5,£37.05,259.34999999999997
"Fruits Basket, Vol. 7 (Fruits Basket #7)",Sequential Art,7,1,£19.57,136.99
For the Love: Fighting for Grace in a World of Impossible Standards,Nonfiction,7,3,£45.13,315.91
Finding God in the Ruins: How God Redeems Pain,Nonfiction,7,2,£46.64,326.48
Every Heart a Doorway (Every Heart A Doorway #1),Fantasy,7,5,£12.16,85.12
Delivering the Truth (Quaker Midwife Mystery #1),Mystery,7,4,£20.89,146.23000000000002
Counted With the Stars (Out from Egypt #1),Christian Fiction,7,5,£17.97,125.78999999999999
"Chronicles, Vol. 1",Music,7,2,£52.60,368.2
Blue Like Jazz: Nonreligious Thoughts on Christian Spirituality,Christian,7,1,£25.77,180.39
Benjamin Franklin: An American Life,Biography,7,3,£48.19,337.33
"At The Existentialist Café: Freedom, Being, and apricot cocktails with: Jean-Paul Sartre, Simone de Beauvoir, Albert Camus, Martin Heidegger, Edmund Husserl, Karl Jaspers, Maurice Merleau-Ponty and others",Philosophy,7,5,£29.93,209.51
A Summer In Europe,Travel,7,2,£44.34,310.38
A Short History of Nearly Everything,History,7,5,£52.40,366.8
A Gathering of Shadows (Shades of Magic #2),Fantasy,7,4,£44.81,313.67
The Sound Of Love,Default,6,5,£57.84,347.04
The Rise and Fall of the Third Reich: A History of Nazi Germany,History,6,2,£39.67,238.02
The Perks of Being a Wallflower,Default,6,3,£55.02,330.12
The Mysterious Affair at Styles (Hercule Poirot #1),Mystery,6,4,£24.80,148.8
The Man Who Mistook His Wife for a Hat and Other Clinical Tales,Nonfiction,6,4,£59.45,356.70000000000005
The Makings of a Fatherless Child,Default,6,2,£31.58,189.48
The Joy of Cooking,Add a comment,6,4,£43.27,259.62
The Invention of Wings,Historical Fiction,6,1,£37.34,224.04000000000002
The Hobbit (Middle-Earth Universe),Default,6,5,£17.80,106.80000000000001
The Great Railway Bazaar,Travel,6,1,£30.54,183.24
The Golden Compass (His Dark Materials #1),Add a comment,6,1,£18.77,112.62
The God Delusion,Add a comment,6,3,£46.85,281.1
The Girl You Left Behind (The Girl You Left Behind #1),Historical,6,1,£15.79,94.74
The Fellowship of the Ring (The Lord of the Rings #1),Default,6,2,£10.27,61.62
The Collected Poems of W.B. Yeats (The Collected Works of W.B. Yeats #1),Poetry,6,5,£15.42,92.52
The Barefoot Contessa Cookbook,Food and Drink,6,5,£59.92,359.52
Tell the Wolves I'm Home,Young Adult,6,2,£50.96,305.76
Ship Leaves Harbor: Essays on Travel by a Recovering Journeyman,Default,6,3,£30.60,183.60000000000002
Pride and Prejudice,Add a comment,6,4,£19.27,115.62
Musicophilia: Tales of Music and the Brain,Default,6,1,£46.58,279.48
Mere Christianity,Add a comment,6,3,£48.51,291.06
Me Before You (Me Before You #1),Fiction,6,1,£19.02,114.12
In the Woods (Dublin Murder Squad #1),Mystery,6,2,£38.38,230.28000000000003
In Cold Blood,Nonfiction,6,4,£49.98,299.88
How to Stop Worrying and Start Living,Self Help,6,5,£46.49,278.94
Give It Back,Thriller,6,2,£18.32,109.92
"Girl, Interrupted",Nonfiction,6,3,£42.14,252.84
Fun Home: A Family Tragicomic,Add a comment,6,4,£56.59,339.54
"Fruits Basket, Vol. 6 (Fruits Basket #6)",Sequential Art,6,4,£20.96,125.76
Deception Point,Fiction,6,4,£40.32,241.92000000000002
"Death Note, Vol. 6: Give-and-Take (Death Note #6)",Sequential Art,6,3,£36.39,218.34
Catherine the Great: Portrait of a Woman,History,6,4,£58.55,351.29999999999995
Better Homes and Gardens New Cook Book,Food and Drink,6,3,£39.61,237.66
An Unquiet Mind: A Memoir of Moods and Madness,Psychology,6,3,£21.30,127.80000000000001
A Year in Provence (Provence #1),Travel,6,4,£56.88,341.28000000000003
World Without End (The Pillars of the Earth #2),Historical Fiction,5,4,£32.97,164.85
"Will Grayson, Will Grayson (Will Grayson, Will Grayson)",Young Adult,5,4,£47.31,236.55
Why Save the Bankers?: And Other Essays on Our Economic and Political Crisis,Nonfiction,5,2,£48.67,243.35000000000002
Where She Went (If I Stay #2),Young Adult,5,4,£41.73,208.64999999999998
What If?: Serious Scientific Answers to Absurd Hypothetical Questions,Default,5,4,£53.68,268.4
Two Summers,Young Adult,5,1,£14.64,73.2
This Is Your Brain on Music: The Science of a Human Obsession,Music,5,1,£38.40,192.0
The Secret Garden,Classics,5,4,£15.08,75.4
The Raven King (The Raven Cycle #4),Add a comment,5,2,£30.57,152.85
The Raven Boys (The Raven Cycle #1),Fantasy,5,4,£57.74,288.7
The Power Greens Cookbook: 140 Delicious Superfood Recipes,Food and Drink,5,5,£11.05,55.25
The Metamorphosis,Classics,5,1,£28.58,142.89999999999998
The Mathews Men: Seven Brothers and the War Against Hitler's U-boats,History,5,5,£42.91,214.54999999999998
The Little Paris Bookshop,Fiction,5,3,£24.73,123.65
The Hiding Place,History,5,4,£55.91,279.54999999999995
The Grand Design,Science,5,3,£13.76,68.8
The Firm,Fiction,5,3,£45.56,227.8
The Fault in Our Stars,Default,5,1,£47.22,236.1
The False Prince (The Ascendance Trilogy #1),Fantasy,5,5,£56.00,280.0
The Expatriates,Fiction,5,2,£44.58,222.89999999999998
The Dream Thieves (The Raven Cycle #2),Default,5,1,£34.50,172.5
The Darkest Corners,Young Adult,5,5,£11.33,56.65
The Crossover,Poetry,5,4,£38.77,193.85000000000002
The 5th Wave (The 5th Wave #1),Default,5,2,£11.83,59.15
Tell the Wind and Fire,Fantasy,5,3,£45.51,227.54999999999998
Tell Me Three Things,Young Adult,5,1,£41.81,209.05
Talking to Girls About Duran Duran: One Young Man's Quest for True Love and a Cooler Haircut,Nonfiction,5,4,£25.15,125.75
Siddhartha,Fiction,5,5,£34.22,171.1
Shiver (The Wolves of Mercy Falls #1),Default,5,5,£16.23,81.15
Remember Me?,Default,5,3,£11.48,57.400000000000006
Red Dragon (Hannibal Lecter #1),Horror,5,3,£23.37,116.85000000000001
Peak: Secrets from the New Science of Expertise,Science,5,2,£16.28,81.4
My Mother Was Nuts,Nonfiction,5,4,£31.63,158.15
Mexican Today: New and Rediscovered Recipes for Contemporary Kitchens,Food and Drink,5,5,£24.91,124.55
Maybe Something Beautiful: How Art Transformed a Neighborhood,Childrens,5,1,£22.54,112.69999999999999
Lola and the Boy Next Door (Anna and the French Kiss #2),Young Adult,5,4,£23.63,118.14999999999999
Logan Kade (Fallen Crest High #5.5),Academic,5,2,£13.12,65.6
Last One Home (New Beginnings #1),Fiction,5,3,£59.98,299.9
Killing Floor (Jack Reacher #1),Thriller,5,4,£31.49,157.45
Kill the Boy Band,Young Adult,5,5,£15.52,77.6
Isla and the Happily Ever After (Anna and the French Kiss #3),Young Adult,5,5,£48.13,240.65
If I Stay (If I Stay #1),Default,5,5,£38.13,190.65
I Know Why the Caged Bird Sings (Maya Angelou's Autobiography #1),Default,5,2,£36.55,182.75
Harry Potter and the Deathly Hallows (Harry Potter #7),Default,5,1,£23.32,116.6
"Fruits Basket, Vol. 5 (Fruits Basket #5)",Sequential Art,5,1,£16.33,81.64999999999999
Foundation (Foundation (Publication Order) #1),Science Fiction,5,1,£32.42,162.10000000000002
Fool Me Once,Default,5,1,£16.96,84.80000000000001
Find Her (Detective D.D. Warren #8),Add a comment,5,1,£22.37,111.85000000000001
Evicted: Poverty and Profit in the American City,Add a comment,5,1,£42.27,211.35000000000002
Drama,Default,5,2,£38.70,193.5
Dracula the Un-Dead,Horror,5,5,£35.63,178.15
Digital Fortress,Fiction,5,5,£58.00,290.0
"Death Note, Vol. 5: Whiteout (Death Note #5)",Sequential Art,5,1,£52.41,262.04999999999995
"Data, A Love Story: How I Gamed Online Dating to Meet My Match",Nonfiction,5,3,£32.35,161.75
Critique of Pure Reason,Philosophy,5,1,£20.75,103.75
Booked,Poetry,5,5,£17.49,87.44999999999999
"Blue Lily, Lily Blue (The Raven Cycle #3)",Default,5,5,£34.13,170.65
Approval Junkie: Adventures in Caring Too Much,Autobiography,5,5,£58.81,294.05
An Abundance of Katherines,Young Adult,5,5,£10.00,50.0
America's War for the Greater Middle East: A Military History,History,5,2,£51.22,256.1
Alight (The Generations Trilogy #2),Default,5,4,£58.59,292.95000000000005
A Girl's Guide to Moving On (New Beginnings #2),Romance,5,1,£31.30,156.5
A Game of Thrones (A Song of Ice and Fire #1),Add a comment,5,2,£46.42,232.10000000000002
A Feast for Crows (A Song of Ice and Fire #4),Fantasy,5,4,£17.21,86.05000000000001
A Clash of Kings (A Song of Ice and Fire #2),Add a comment,5,3,£10.79,53.949999999999996
Vogue Colors A to Z: A Fashion Coloring Book,Default,4,4,£52.35,209.4
The Shining (The Shining #1),Default,4,3,£27.88,111.52
The Pilgrim's Progress,Classics,4,2,£50.26,201.04
The Perfect Play (Play by Play #1),Romance,4,3,£59.99,239.96
The Passion of Dolssa,Historical Fiction,4,5,£28.32,113.28
The Jazz of Physics: The Secret Link Between Music and the Structure of the Universe,Nonfiction,4,3,£38.71,154.84
The Hunger Games (The Hunger Games #1),Default,4,5,£29.85,119.4
The Hound of the Baskervilles (Sherlock Holmes #5),Classics,4,2,£14.82,59.28
The Gunning of America: Business and the Making of American Gun Culture,Nonfiction,4,4,£16.81,67.24
The Geography of Bliss: One Grump's Search for the Happiest Places in the World,Nonfiction,4,2,£28.23,112.92
The Demonists (Demonist #1),Fantasy,4,2,£52.11,208.44
"The Demon Prince of Momochi House, Vol. 4 (The Demon Prince of Momochi House #4)",Sequential Art,4,2,£27.88,111.52
The Bone Hunters (Lexy Vaughan & Steven Macaulay #2),Thriller,4,3,£59.71,238.84
The Beast (Black Dagger Brotherhood #14),Fantasy,4,5,£46.08,184.32
Some Women,Womens Fiction,4,5,£13.73,54.92
Shopaholic Ties the Knot (Shopaholic #3),Womens Fiction,4,5,£48.39,193.56
Paper and Fire (The Great Library #2),Fantasy,4,5,£49.45,197.8
Outlander (Outlander #1),Default,4,5,£19.67,78.68
"Orchestra of Exiles: The Story of Bronislaw Huberman, the Israel Philharmonic, and the One Thousand Jews He Saved from Nazi Horrors",Music,4,3,£12.36,49.44
No One Here Gets Out Alive,Music,4,5,£20.02,80.08
Night Shift (Night Shift #1-20),Horror,4,4,£12.75,51.0
Needful Things,Horror,4,4,£47.51,190.04
Mockingjay (The Hunger Games #3),Default,4,4,£20.44,81.76
Misery,Horror,4,2,£34.79,139.16
Little Women (Little Women #1),Classics,4,4,£28.07,112.28
It,Horror,4,3,£25.01,100.04
Harry Potter and the Sorcerer's Stone (Harry Potter #1),Default,4,3,£13.90,55.6
Harry Potter and the Prisoner of Azkaban (Harry Potter #3),Young Adult,4,4,£24.17,96.68
Harry Potter and the Order of the Phoenix (Harry Potter #5),Fantasy,4,4,£31.63,126.52
Harry Potter and the Half-Blood Prince (Harry Potter #6),Fantasy,4,5,£48.75,195.0
Harry Potter and the Chamber of Secrets (Harry Potter #2),Fantasy,4,1,£14.74,58.96
Gone with the Wind,Classics,4,3,£32.49,129.96
God Is Not Great: How Religion Poisons Everything,Nonfiction,4,1,£27.80,111.2
Girl With a Pearl Earring,Historical Fiction,4,1,£26.77,107.08
"Fruits Basket, Vol. 4 (Fruits Basket #4)",Sequential Art,4,4,£50.44,201.76
Far From True (Promise Falls Trilogy #2),Thriller,4,2,£34.93,139.72
Dark Lover (Black Dagger Brotherhood #1),Romance,4,1,£12.87,51.48
Confessions of a Shopaholic (Shopaholic #1),Default,4,2,£48.94,195.76
Changing the Game (Play by Play #2),Romance,4,3,£13.38,53.52
Candide,Classics,4,3,£58.63,234.52
Can You Keep a Secret?,Womens Fiction,4,1,£21.94,87.76
Atlas Shrugged,Fiction,4,5,£26.58,106.32
Animal Farm,Classics,4,3,£57.22,228.88
A Walk to Remember,Romance,4,1,£56.43,225.72
A New Earth: Awakening to Your Life's Purpose,Spirituality,4,5,£55.65,222.6
"A History of God: The 4,000-Year Quest of Judaism, Christianity, and Islam",Religion,4,1,£27.62,110.48
'Salem's Lot,Horror,4,4,£49.56,198.24
Zero History (Blue Ant #3),Default,3,1,£34.77,104.31
Wuthering Heights,Classics,3,3,£17.73,53.19
World War Z: An Oral History of the Zombie War,Default,3,1,£21.80,65.4
Wild: From Lost to Found on the Pacific Crest Trail,Default,3,3,£46.02,138.06
"Where'd You Go, Bernadette",Default,3,1,£18.13,54.39
When You Are Engulfed in Flames,Humor,3,5,£30.89,92.67
We the People: The Modern-Day Figures Who Have Reshaped and Affirmed the Founding Fathers' Vision of America,Nonfiction,3,3,£31.95,95.85
We Are All Completely Beside Ourselves,Contemporary,3,1,£24.04,72.12
Walk the Edge (Thunder Road #2),Young Adult,3,3,£32.36,97.08
Voyager (Outlander #3),Historical Fiction,3,5,£21.07,63.21
Very Good Lives: The Fringe Benefits of Failure and the Importance of Imagination,Nonfiction,3,3,£50.66,151.98
Vegan Vegetarian Omnivore: Dinner for Everyone at the Table,Food and Drink,3,2,£13.66,40.980000000000004
"Unstuffed: Decluttering Your Home, Mind, and Soul",Nonfiction,3,1,£58.09,174.27
Under the Banner of Heaven: A Story of Violent Faith,Nonfiction,3,1,£30.00,90.0
Two Boys Kissing,Young Adult,3,2,£32.74,98.22
Twilight (Twilight #1),Default,3,2,£41.93,125.78999999999999
Twenties Girl,Womens Fiction,3,2,£42.80,128.39999999999998
"Trespassing Across America: One Man's Epic, Never-Done-Before (and Sort of Illegal) Hike Across the Heartland",Nonfiction,3,1,£53.51,160.53
Three-Martini Lunch,Fiction,3,3,£23.21,69.63
"Thinking, Fast and Slow",Psychology,3,1,£21.14,63.42
The Wild Robot,Childrens,3,3,£56.07,168.21
"The Wicked + The Divine, Vol. 3: Commercial Suicide (The Wicked + The Divine)",Sequential Art,3,3,£14.41,43.230000000000004
The Undomestic Goddess,Womens Fiction,3,4,£45.75,137.25
The Travelers,Thriller,3,1,£15.77,47.31
The Tipping Point: How Little Things Can Make a Big Difference,Add a comment,3,2,£10.02,30.06
The Thing About Jellyfish,Childrens,3,1,£48.77,146.31
The Stand,Horror,3,2,£57.86,173.57999999999998
The Smitten Kitchen Cookbook,Food and Drink,3,1,£23.59,70.77
The Silkworm (Cormoran Strike #2),Mystery,3,5,£23.05,69.15
"The Sandman, Vol. 3: Dream Country (The Sandman (volumes) #3)",Sequential Art,3,5,£55.55,166.64999999999998
The Rose & the Dagger (The Wrath and the Dawn #2),Fantasy,3,4,£58.64,175.92000000000002
The Road to Little Dribbling: Adventures of an American in Britain (Notes From a Small Island #2),Travel,3,1,£23.21,69.63
The Rise of Theodore Roosevelt (Theodore Roosevelt #1),Biography,3,3,£42.57,127.71000000000001
The Restaurant at the End of the Universe (Hitchhiker's Guide to the Galaxy #2),Science Fiction,3,1,£10.92,32.76
The Rest Is Noise: Listening to the Twentieth Century,Add a comment,3,1,£34.77,104.31
The Red Tent,Historical Fiction,3,5,£35.66,106.97999999999999
The Purpose Driven Life: What on Earth Am I Here for?,Add a comment,3,3,£37.19,111.57
The Purest Hook (Second Circle Tattoos #3),Romance,3,1,£12.25,36.75
The Picture of Dorian Gray,Classics,3,2,£29.70,89.1
The Paris Wife,Default,3,3,£36.80,110.39999999999999
The Obsession,Romance,3,1,£45.43,136.29
The Nightingale,Fiction,3,4,£26.26,78.78
The New Guy (and Other Senior Year Distractions),Young Adult,3,3,£44.92,134.76
The Nanny Diaries (Nanny #1),Womens Fiction,3,5,£52.53,157.59
The Name of God is Mercy,Nonfiction,3,2,£37.25,111.75
The Maze Runner (The Maze Runner #1),Default,3,1,£20.93,62.79
The Lover's Dictionary,Default,3,2,£58.09,174.27
The Lonely Ones,Childrens,3,5,£43.59,130.77
The Lean Startup: How Today's Entrepreneurs Use Continuous Innovation to Create Radically Successful Businesses,Business,3,3,£33.92,101.76
The Last Painting of Sara de Vos,Historical Fiction,3,2,£55.55,166.64999999999998
"The Land of 10,000 Madonnas",Young Adult,3,4,£29.64,88.92
The Infinities,Fiction,3,1,£27.41,82.23
The Husband's Secret,Fiction,3,5,£52.51,157.53
The Hitchhiker's Guide to the Galaxy (Hitchhiker's Guide to the Galaxy #1),Add a comment,3,3,£47.80,143.39999999999998
The Guns of August,History,3,2,£14.54,43.62
The Guernsey Literary and Potato Peel Pie Society,Historical Fiction,3,1,£49.53,148.59
The Goldfinch,Default,3,3,£43.58,130.74
The Giver (The Giver Quartet #1),Default,3,1,£12.30,36.900000000000006
The Girl with All the Gifts,Horror,3,3,£49.47,148.41
The Girl Who Played with Fire (Millennium Trilogy #2),Default,3,2,£22.14,66.42
The Girl Who Kicked the Hornet's Nest (Millennium Trilogy #3),Add a comment,3,1,£57.48,172.44
The Exiled,Mystery,3,3,£43.45,130.35000000000002
"The End of Faith: Religion, Terror, and the Future of Reason",Add a comment,3,4,£22.13,66.39
"The Elegant Universe: Superstrings, Hidden Dimensions, and the Quest for the Ultimate Theory",Science,3,4,£13.03,39.089999999999996
"The Disappearing Spoon: And Other True Tales of Madness, Love, and the History of the World from the Periodic Table of the Elements",Science,3,5,£57.35,172.05
The Devil Wears Prada (The Devil Wears Prada #1),Womens Fiction,3,1,£44.29,132.87
The Demon-Haunted World: Science as a Candle in the Dark,Default,3,4,£52.25,156.75
The Day the Crayons Came Home (Crayons),Childrens,3,5,£26.33,78.99
The Da Vinci Code (Robert Langdon #2),Fiction,3,2,£22.96,68.88
The Cuckoo's Calling (Cormoran Strike #1),Mystery,3,1,£19.21,57.63
The Complete Stories and Poems (The Works of Edgar Allan Poe [Cameo Edition]),Classics,3,4,£26.78,80.34
The Complete Poems,Add a comment,3,5,£41.32,123.96000000000001
The Catcher in the Rye,Add a comment,3,1,£24.55,73.65
The Cat in the Hat (Beginner Books B-1),Childrens,3,2,£16.26,48.78
The Case for Christ (Cases for Christianity),Add a comment,3,1,£47.84,143.52
The Book Thief,Default,3,2,£53.49,160.47
The Book of Basketball: The NBA According to The Sports Guy,Sports and Games,3,5,£44.84,134.52
The Blind Side: Evolution of a Game,Add a comment,3,5,£53.71,161.13
The Autobiography of Malcolm X,Default,3,2,£23.43,70.28999999999999
"The Art of Simple Food: Notes, Lessons, and Recipes from a Delicious Revolution",Food and Drink,3,3,£34.32,102.96000000000001
The Art of Fielding,Fiction,3,1,£22.10,66.30000000000001
"Surely You're Joking, Mr. Feynman!: Adventures of a Curious Character",Science,3,2,£25.83,77.49
Stiff: The Curious Lives of Human Cadavers,Nonfiction,3,3,£36.74,110.22
Spilled Milk: Based on a True Story,Nonfiction,3,1,£49.51,148.53
Something Borrowed (Darcy & Rachel #1),Womens Fiction,3,5,£48.96,146.88
Something Blue (Darcy & Rachel #2),Womens Fiction,3,1,£54.62,163.85999999999999
Soldier (Talon #3),Fantasy,3,2,£24.72,74.16
Shopaholic & Baby (Shopaholic #5),Default,3,2,£46.45,139.35000000000002
Seven Days in the Art World,Add a comment,3,2,£52.33,156.99
Seven Brief Lessons on Physics,Science,3,4,£30.60,91.80000000000001
Scarlet (The Lunar Chronicles #2),Young Adult,3,4,£14.57,43.71
Sarah's Key,Add a comment,3,1,£46.29,138.87
"Saga, Volume 3 (Saga (Collected Editions) #3)",Sequential Art,3,5,£21.57,64.71000000000001
Running with Scissors,Autobiography,3,4,£12.91,38.730000000000004
Rogue Lawyer (Rogue Lawyer #1),Add a comment,3,3,£50.11,150.32999999999998
"Rise of the Rocket Girls: The Women Who Propelled Us, from Missiles to the Moon to Mars",Nonfiction,3,4,£41.67,125.01
Rework,Business,3,2,£44.88,134.64000000000001
Reservations for Two,Romance,3,3,£11.10,33.3
Red: The True Story of Red Riding Hood,Childrens,3,3,£28.54,85.62
Ready Player One,Science Fiction,3,4,£19.07,57.21
Quiet: The Power of Introverts in a World That Can't Stop Talking,Default,3,1,£43.55,130.64999999999998
Prodigy: The Graphic Novel (Legend: The Graphic Novel #2),Sequential Art,3,3,£43.63,130.89000000000001
Persepolis: The Story of a Childhood (Persepolis #1-2),Sequential Art,3,1,£39.13,117.39000000000001
Packing for Mars: The Curious Science of Life in the Void,Default,3,2,£56.68,170.04
Outliers: The Story of Success,Nonfiction,3,1,£14.16,42.480000000000004
Original Fake,Sequential Art,3,3,£31.45,94.35
Orange Is the New Black,Default,3,2,£24.61,73.83
One for the Money (Stephanie Plum #1),Default,3,2,£32.87,98.60999999999999
Notes from a Small Island (Notes From a Small Island #1),Nonfiction,3,1,£40.17,120.51
Night (The Night Trilogy #1),Nonfiction,3,1,£13.51,40.53
Neither Here nor There: Travels in Europe,Travel,3,3,£38.95,116.85000000000001
Naked,Humor,3,3,£31.69,95.07000000000001
Morning Star (Red Rising #3),Default,3,1,£29.40,88.19999999999999
"Miracles from Heaven: A Little Girl, Her Journey to Heaven, and Her Amazing Story of Healing",Nonfiction,3,1,£57.83,173.49
Midnight Riot (Peter Grant/ Rivers of London - books #1),Fantasy,3,2,£55.46,166.38
Me Talk Pretty One Day,Autobiography,3,2,£57.60,172.8
Manuscript Found in Accra,Add a comment,3,2,£34.98,104.94
Lust & Wonder,Autobiography,3,2,£11.87,35.61
Lila (Gilead #3),Fiction,3,3,£12.47,37.410000000000004
"Life, the Universe and Everything (Hitchhiker's Guide to the Galaxy #3)",Science Fiction,3,2,£33.26,99.78
Life Without a Recipe,Autobiography,3,5,£59.04,177.12
Life After Life,Default,3,2,£26.13,78.39
Letter to a Christian Nation,Nonfiction,3,1,£22.20,66.6
Let's Pretend This Never Happened: A Mostly True Memoir,Nonfiction,3,1,£45.11,135.32999999999998
Legend (Legend #1),Young Adult,3,4,£43.69,131.07
"Lean In: Women, Work, and the Will to Lead",Default,3,1,£25.02,75.06
"Lamb: The Gospel According to Biff, Christ's Childhood Pal",Humor,3,5,£55.50,166.5
Lady Renegades (Rebel Belle #3),Young Adult,3,5,£53.04,159.12
Jurassic Park (Jurassic Park #1),Fiction,3,1,£44.97,134.91
It's Never Too Late to Begin Again: Discovering Creativity and Meaning at Midlife and Beyond,Nonfiction,3,1,£42.38,127.14000000000001
Is Everyone Hanging Out Without Me? (And Other Concerns),Default,3,3,£20.11,60.33
Into the Wild,Nonfiction,3,5,£56.70,170.10000000000002
Inferno (Robert Langdon #4),Fiction,3,5,£41.00,123.0
"In the Garden of Beasts: Love, Terror, and an American Family in Hitler's Berlin",Nonfiction,3,3,£28.85,86.55000000000001
If I Run (If I Run #1),Christian Fiction,3,4,£49.97,149.91
I've Got Your Number,Womens Fiction,3,1,£19.69,59.07000000000001
I Am Malala: The Girl Who Stood Up for Education and Was Shot by the Taliban,Nonfiction,3,2,£28.88,86.64
Hungry Girl Clean & Hungry: Easy All-Natural Recipes for Healthy Eating in the Real World,Food and Drink,3,3,£33.14,99.42
"House of Lost Worlds: Dinosaurs, Dynasties, and the Story of Life on Earth",History,3,2,£43.70,131.10000000000002
House of Leaves,Horror,3,1,£54.89,164.67000000000002
Horrible Bear!,Childrens,3,2,£37.52,112.56
Holidays on Ice,Humor,3,2,£51.07,153.21
Heir to the Sky,Fantasy,3,4,£44.07,132.21
Green Eggs and Ham (Beginner Books B-16),Childrens,3,4,£10.79,32.37
"Grayson, Vol 3: Nemesis (Grayson #3)",Sequential Art,3,1,£42.72,128.16
Gratitude,Nonfiction,3,5,£26.66,79.98
Gone Girl,Default,3,5,£37.60,112.80000000000001
Golden (Heart of Dread #3),Young Adult,3,4,£42.21,126.63
Girl in the Blue Coat,Historical Fiction,3,2,£46.83,140.49
"Fruits Basket, Vol. 3 (Fruits Basket #3)",Sequential Art,3,2,£45.17,135.51
"Friday Night Lights: A Town, a Team, and a Dream",Sports and Games,3,3,£51.22,153.66
Fire Bound (Sea Haven/Sisters of the Heart #5),Add a comment,3,4,£21.28,63.84
Fifty Shades Freed (Fifty Shades #3),Adult Fiction,3,5,£15.36,46.08
Fellside,Default,3,1,£38.62,115.85999999999999
Extreme Prey (Lucas Davenport #26),Mystery,3,3,£25.40,76.19999999999999
Eragon (The Inheritance Cycle #1),Fantasy,3,3,£43.87,131.60999999999999
Eclipse (Twilight #3),Default,3,1,£18.74,56.22
Dune (Dune #1),Science Fiction,3,1,£54.86,164.57999999999998
Dracula,Default,3,3,£52.62,157.85999999999999
Do Androids Dream of Electric Sheep? (Blade Runner #1),Science Fiction,3,1,£51.48,154.44
Disrupted: My Misadventure in the Start-Up Bubble,Nonfiction,3,5,£15.28,45.839999999999996
Dead Wake: The Last Crossing of the Lusitania,Default,3,5,£39.24,117.72
"David and Goliath: Underdogs, Misfits, and the Art of Battling Giants",Default,3,1,£17.81,53.42999999999999
Darkfever (Fever #1),Fantasy,3,1,£56.02,168.06
Dark Places,Default,3,5,£23.90,71.69999999999999
Crazy Rich Asians (Crazy Rich Asians #1),Fiction,3,5,£49.13,147.39000000000001
Counting Thyme,Childrens,3,1,£10.62,31.86
Cosmos,Add a comment,3,2,£36.17,108.51
Civilization and Its Discontents,Psychology,3,2,£59.95,179.85000000000002
Cinder (The Lunar Chronicles #1),Young Adult,3,1,£26.09,78.27
Catastrophic Happiness: Finding Joy in Childhood's Messy Years,Parenting,3,2,£37.35,112.05000000000001
Career of Evil (Cormoran Strike #3),Mystery,3,2,£24.72,74.16
Breaking Dawn (Twilight #4),Default,3,5,£35.28,105.84
Brave Enough,Nonfiction,3,5,£51.32,153.96
Boy Meets Boy,Young Adult,3,3,£21.12,63.36
"Born to Run: A Hidden Tribe, Superathletes, and the Greatest Race the World Has Never Seen",Nonfiction,3,2,£27.35,82.05000000000001
Blink: The Power of Thinking Without Thinking,Nonfiction,3,5,£21.74,65.22
Black Flags: The Rise of ISIS,Nonfiction,3,1,£40.87,122.60999999999999
"Black Butler, Vol. 1 (Black Butler #1)",Sequential Art,3,1,£49.31,147.93
Big Little Lies,Fiction,3,1,£22.11,66.33
Between Shades of Gray,Historical Fiction,3,5,£20.79,62.37
Best of My Love (Fool's Gold #20),Romance,3,2,£27.41,82.23
Beowulf,Classics,3,2,£38.35,115.05000000000001
Beautiful Creatures (Caster Chronicles #1),Default,3,5,£21.55,64.65
Awkward,Sequential Art,3,2,£38.02,114.06
Ash,Fantasy,3,4,£22.06,66.17999999999999
Are We There Yet?,Childrens,3,3,£10.66,31.98
Are We Smart Enough to Know How Smart Animals Are?,Nonfiction,3,1,£56.58,169.74
Annie on My Mind,Young Adult,3,5,£36.83,110.49
And Then There Were None,Classics,3,2,£35.01,105.03
A Walk in the Woods: Rediscovering America on the Appalachian Trail,Nonfiction,3,4,£30.48,91.44
A Visit from the Goon Squad,Default,3,5,£14.08,42.24
A Storm of Swords (A Song of Ice and Fire #3),Fantasy,3,2,£31.22,93.66
A Heartbreaking Work of Staggering Genius,Autobiography,3,5,£54.29,162.87
8 Keys to Mental Health Through Exercise,Psychology,3,1,£31.04,93.12
#GIRLBOSS,Add a comment,3,1,£50.96,152.88
"The Suffragettes (Little Black Classics, #96)",Nonfiction,2,2,£11.89,23.78
The Sense of an Ending,Add a comment,2,3,£31.38,62.76
"The Sandman, Vol. 2: The Doll's House (The Sandman (volumes) #2)",Sequential Art,2,1,£54.81,109.62
The Course of Love,Fiction,2,3,£16.78,33.56
Sugar Rush (Offensive Line #2),Sports and Games,2,1,£24.42,48.84
"Saga, Volume 2 (Saga (Collected Editions) #2)",Sequential Art,2,3,£11.75,23.5
"Run, Spot, Run: The Ethics of Keeping Pets",Philosophy,2,1,£20.02,40.04
New Moon (Twilight #2),Young Adult,2,4,£12.86,25.72
Life,Music,2,5,£31.58,63.16
Kindle Paperwhite User's Guide,Nonfiction,2,3,£34.00,68.0
H is for Hawk,Nonfiction,2,5,£57.42,114.84
Girl Online On Tour (Girl Online #2),Young Adult,2,1,£53.47,106.94
"Fruits Basket, Vol. 2 (Fruits Basket #2)",Sequential Art,2,5,£11.64,23.28
Diary of a Minecraft Zombie Book 1: A Scare of a Dare (An Unofficial Minecraft Book),Childrens,2,4,£52.88,105.76
"Y: The Last Man, Vol. 1: Unmanned (Y: The Last Man #1)",Sequential Art,1,4,£18.51,18.51
While You Were Mine,Historical Fiction,1,5,£41.32,41.32
Where Lightning Strikes (Bleeding Stars #3),Romance,1,3,£39.77,39.77
When I'm Gone,Fiction,1,3,£51.96,51.96
Ways of Seeing,Art,1,5,£39.51,39.51
"Vampire Knight, Vol. 1 (Vampire Knight #1)",Paranormal,1,1,£15.40,15.4
Vampire Girl (Vampire Girl #1),Fantasy,1,2,£53.82,53.82
Twenty Love Poems and a Song of Despair,Poetry,1,4,£30.95,30.95
Travels with Charley: In Search of America,Nonfiction,1,5,£57.82,57.82
Three Wishes (River of Time: California #1),Science Fiction,1,2,£44.18,44.18
This One Moment (Pushing Limits #1),Romance,1,1,£48.71,48.71
The Zombie Room,Default,1,5,£19.69,19.69
"The Wicked + The Divine, Vol. 1: The Faust Act (The Wicked + The Divine)",Sequential Art,1,2,£36.52,36.52
The Tumor,Nonfiction,1,5,£41.56,41.56
The Story of Hong Gildong,Classics,1,4,£43.19,43.19
The Silent Wife,Fiction,1,5,£12.34,12.34
The Silent Twin (Detective Jennifer Knight #3),Fantasy,1,3,£36.25,36.25
The Selfish Gene,Science,1,1,£29.45,29.45
The Secret Healer,Historical Fiction,1,3,£34.56,34.56
"The Sandman, Vol. 1: Preludes and Nocturnes (The Sandman (volumes) #1)",Sequential Art,1,3,£54.12,54.12
The Republic,Add a comment,1,3,£33.78,33.78
The Odyssey,Add a comment,1,3,£29.64,29.64
The No. 1 Ladies' Detective Agency (No. 1 Ladies' Detective Agency #1),Mystery,1,4,£57.70,57.7
The Nicomachean Ethics,Philosophy,1,1,£36.34,36.34
The Name of the Wind (The Kingkiller Chronicle #1),Default,1,3,£50.59,50.59
The Mirror & the Maze (The Wrath and the Dawn #1.5),Fantasy,1,1,£29.38,29.38
The Little Prince,Classics,1,2,£45.42,45.42
The Light of the Fireflies,Add a comment,1,1,£54.43,54.43
The Last Girl (The Dominion Trilogy #1),Science Fiction,1,2,£36.26,36.26
The Iliad,Add a comment,1,1,£16.16,16.16
The Hook Up (Game On #1),New Adult,1,5,£36.29,36.29
The Haters,Young Adult,1,5,£27.89,27.89
The Girl You Lost,Mystery,1,5,£12.29,12.29
The Girl In The Ice (DCI Erika Foster #1),Mystery,1,3,£15.85,15.85
The End of the Jesus Era (An Investigation #1),Nonfiction,1,1,£14.40,14.4
The Edge of Reason (Bridget Jones #2),Womens Fiction,1,4,£19.18,19.18
The Complete Maus (Maus #1-2),Sequential Art,1,3,£10.64,10.64
The Communist Manifesto,Add a comment,1,3,£14.76,14.76
The Bhagavad Gita,Religion,1,3,£57.49,57.49
The Bette Davis Club,Fiction,1,3,£30.66,30.66
The Art of Not Breathing,Young Adult,1,4,£40.83,40.83
Taking Shots (Assassins #1),Default,1,2,£18.88,18.88
Starlark,Historical Fiction,1,3,£25.83,25.83
"Skip Beat!, Vol. 01 (Skip Beat! #1)",Sequential Art,1,3,£42.12,42.12
Sister Sable (The Mad Queen #1),Fantasy,1,3,£13.33,13.33
Shatter Me (Shatter Me #1),Default,1,1,£42.40,42.4
Shameless,New Adult,1,3,£58.35,58.35
Shadow Rites (Jane Yellowrock #10),Fantasy,1,4,£21.72,21.72
Settling the Score (The Summer Games #1),Sports and Games,1,2,£44.91,44.91
Sense and Sensibility,Classics,1,1,£37.46,37.46
"Saga, Volume 1 (Saga (Collected Editions) #1)",Sequential Art,1,1,£28.48,28.48
"Rhythm, Chord & Malykhin",Romance,1,2,£28.34,28.34
"Rat Queens, Vol. 1: Sass & Sorcery (Rat Queens (Collected Editions) #1-5)",Sequential Art,1,5,£46.96,46.96
Paradise Lost (Paradise #1),Default,1,1,£24.96,24.96
"Paper Girls, Vol. 1 (Paper Girls #1-5)",Sequential Art,1,4,£21.71,21.71
"Ouran High School Host Club, Vol. 1 (Ouran High School Host Club #1)",Sequential Art,1,3,£29.87,29.87
Origins (Alphas 0.5),Fantasy,1,1,£28.99,28.99
One Second (Seven #7),Fantasy,1,2,£52.94,52.94
On the Road (Duluoz Legend),Default,1,3,£32.36,32.36
Old Records Never Die: One Man's Quest for His Vinyl and His Past,Music,1,2,£55.66,55.66
Off Sides (Off #1),New Adult,1,5,£39.45,39.45
Of Mice and Men,Classics,1,2,£47.11,47.11
Myriad (Prentor #1),Fantasy,1,4,£58.75,58.75
My Perfect Mistake (Over the Top #1),Romance,1,2,£38.92,38.92
"Ms. Marvel, Vol. 1: No Normal (Ms. Marvel (2014-2015) #1)",Sequential Art,1,4,£39.39,39.39
Meditations,Philosophy,1,2,£25.89,25.89
Matilda,Childrens,1,1,£28.34,28.34
Lost Among the Living,Historical Fiction,1,4,£27.70,27.7
Lord of the Flies,Add a comment,1,3,£24.89,24.89
Listen to Me (Fusion #1),Romance,1,3,£58.99,58.99
Kitchens of the Great Midwest,Fiction,1,5,£57.20,57.2
Jane Eyre,Default,1,5,£38.43,38.43
Imperfect Harmony,Romance,1,4,£34.74,34.74
Icing (Aces Hockey #2),Sports and Games,1,4,£40.44,40.44
"Hawkeye, Vol. 1: My Life as a Weapon (Hawkeye #1)",Sequential Art,1,3,£45.24,45.24
Having the Barbarian's Baby (Ice Planet Barbarians #7.5),Science Fiction,1,4,£34.96,34.96
"Giant Days, Vol. 1 (Giant Days #1-4)",Sequential Art,1,4,£56.76,56.76
"Fruits Basket, Vol. 1 (Fruits Basket #1)",Sequential Art,1,5,£40.28,40.28
Frankenstein,Default,1,2,£38.00,38.0
Forever Rockers (The Rocker #12),Music,1,3,£28.80,28.8
Fighting Fate (Fighting #6),Romance,1,3,£39.24,39.24
Emma,Classics,1,2,£32.93,32.93
"Eat, Pray, Love",Nonfiction,1,3,£51.32,51.32
Deep Under (Walker Security #1),Romance,1,5,£47.09,47.09
Choosing Our Religion: The Spiritual Lives of America's Nones,Religion,1,4,£28.42,28.42
Charlie and the Chocolate Factory (Charlie Bucket #1),Childrens,1,3,£22.85,22.85
Charity's Cross (Charles Towne Belles #4),Romance,1,1,£41.24,41.24
Bright Lines,Fiction,1,5,£39.07,39.07
Bridget Jones's Diary (Bridget Jones #1),Womens Fiction,1,1,£29.82,29.82
Bounty (Colorado Mountain #7),Romance,1,4,£37.26,37.26
Blood Defense (Samantha Brinkman #1),Mystery,1,3,£20.30,20.3
"Bleach, Vol. 1: Strawberry and the Soul Reapers (Bleach #1)",Sequential Art,1,5,£34.65,34.65
Beyond Good and Evil,Philosophy,1,1,£43.38,43.38
Alice in Wonderland (Alice's Adventures in Wonderland #1),Classics,1,1,£55.53,55.53
"Ajin: Demi-Human, Volume 1 (Ajin: Demi-Human #1)",Sequential Art,1,4,£57.06,57.06
A Spy's Devotion (The Regency Spies of London #1),Historical Fiction,1,5,£16.97,16.97
1st to Die (Women's Murder Club #1),Mystery,1,1,£53.98,53.98
"1,000 Places to See Before You Die",Travel,1,5,£26.08,26.08
